{
    "loss": 62.00472640991211,
    "accuracy": 0.9981330633163452
}