{
    "loss": 6.302032470703125,
    "accuracy": 0.6907175183296204
}